nama_makanan,kalori,bahan1,jumlah1,bahan2,jumlah2,bahan3,jumlah3,bahan4,jumlah4,bahan5,jumlah5,bahan6,jumlah6,bahan7,jumlah7,bahan8,jumlah8,bahan9,jumlah9,bahan10,jumlah10,bahan11,jumlah11,bahan12,jumlah12,bahan13,jumlah13,bahan14,jumlah14,bahan15,jumlah15,cara_masak,image,porsi,protein_per_porsi,karbohidrat_per_porsi,jenis,waktu1,waktu2,waktu3
overnight oat,380,oatmeal,50 gram,susu kedelai,200 ml,strawberry,2 buah,chia seed,secukupnya,granola,secukupnya,,,,,,,,,,,,,,,,,,,,,"1. Tuang oatmeal ke wadah kaca atau kotak makan 2. Disusul dengan menuangkan susu kedelai (aku pakai VSoy) (jangan hanya becek, biarkan agak tenggelam sedikit karena oatmeal dan chia seed akan menyerap susu kedelai) 3. Taburkan chia seed sesuai selera 4. Diamkan dalam wadah tertutup dalam lemari es semalaman (bukan di freezer) 5. Voila! Santap sebagai snack (iris strawberry dan taburkan sedikit granola utk memperkaya rasa dan tekstur - sebelum disantap - supaya strawberry dalam keadaan segar dan granola masih crunchy)",https://img-global.cpcdn.com/recipes/321becdb0422be3c/680x482cq70/overnight-oat-gampang-dan-sehat-utk-snack-bukan-utk-sarapan-guys-foto-resep-utama.webp,1,16.5,57.54,pokok,pagi,,
telur super sehat,282,telur,3 butir,wortel,1 buah,daun bawang,3 batang,garam,secukupnya,,,,,,,,,,,,,,,,,,,,,,,"1. Aduk semua bahan jadi satu. 2. Siapkan wajan anti lengket dan minyak secukupnya. 3. Masukan potongan bawang merah, lalu telur dan sayuran yg sudah jadi satu. 4. Goreng smp kedua sisi matang sesuai selera. 5. Angkat dan tiriskan.",https://img-global.cpcdn.com/recipes/1503c362b2f060c2/1360x964cq70/telur-super-sehat-foto-resep-utama.webp,1,19.08,10.09,lauk,pagi,siang,malam
sup rumput laut,130,pasta tauco jepang,1 sdm,kaldu ikan,1 sdt,tofu,1 bungkus,daun bawang,1 batang,rumput laut kering,secukupnya,air,600 ml,garam,secukupnya,,,,,,,,,,,,,,,,,"1.Siapkan mangkuk, rendam rumput laut kering dengan air panas hingga lunak. 2. Setelah itu, tiriskan dan sisihkan. 3. Siapkan mangkuk, larutkan tauco jepang dengan sedikit air panas. 4. Siapkan panci, rebus air hingga mendidih. 5. Kemudian masukkan tauco Jepang. 6. Aduk-aduk hingga larut. 7. Tambahkan kaldu ikan, aduk-aduk hingga rata sambil koreksi rasanya. 8. Tambahkan garam bila perlu. 9. Masukkan tofu, aduk perlahan supaya tidak hancur. 10. Tambahkan rumput laut dan rebus sebentar. 11. Tuang sup ke dalam mangkuk. 12. Beri irisan daun bawang, lalu sajikan selagi hangat",https://img-global.cpcdn.com/recipes/ba94ecdb677e4cca/1360x964cq70/20sup-rumput-laut-korea-miyeokguk-foto-resep-utama.webp,1,10.5,5.83,sayuran,siang,malam,
sayur bayam kecambah,50,bayam,1/2 ikat,kecambah,secukupnya,bawang merah,2 siung,bawang putih,2 siung,cabai,2 biji,garam,secukupnya,minyak zaitun,1/2 sdt,,,,,,,,,,,,,,,,,"1. tumis bawang merah, bawang putih, dan cabai hingga harum. 2. Masukkan daun bayam, dan masak hingga layu.3.Tambahkan kecambah dan beri sedikit garam lalu aduk rata.4.Masak sebentar hingga semua bahan tercampur dan kecambah agak layu.5.Sayur bayam dengan kecambah siap disajikan sebagai hidangan sehat dan lezat.",https://img-global.cpcdn.com/recipes/53b582ddb8ebddc9/1360x964cq70/sayur-bayam-kecambah-foto-resep-utama.webp,1,5.6,8.36,sayuran,siang,,
tumis terung goreng telur,278,terung,1 buah,telur,3 butir,kecap asin,3 sdm,cabai,3 biji,minyak,secukupnya,,,,,,,,,,,,,,,,,,,,,"1. Iris tipis terung, goreng dengan minyak secukupnya hingga kecoklatan. 2. Beri kecap asin 1 sdm.3.Campur telur dan 2 sdm kecap asin. 4.Tumis telur bersama terung dan cabai hingga matang.5.Tumis terung goreng telur siap dihidangkan",https://img-global.cpcdn.com/recipes/76e3b86e0b8b12e3/1360x964cq70/tumis-terong-goreng-telor-untuk-diet-foto-resep-utama.webp,1,22.9,18,sayuran,siang,malam,
tumis pakcoy,33,pakcoy,2 buah,bawang putih,2 siung,garam,secukupnya,gula,secukupnya,lada bubuk,secukupnya,,,,,,,,,,,,,,,,,,,,,"1.. Tumis bawang putih hingga harum, masukkan pakcoy, aduk hingga agak layu.2. Masukkan garam, gula, kaldu bubuk, dan lada bubuk secukupnya.3. Aduk rata, tes rasa, jika sudah sedap, sajikan",https://img-global.cpcdn.com/recipes/48e4606333393266/1280x1280sq70/photo.webp,1,1.9,8.62,sayuran,siang,malam,
steak tempe,411,tempe,250 gram,seledri,1 batang,telur,1 butir,tepung terigu,3 sdm,penyedap rasa,secukupnya,mentega,secukupnya,saus lada hitam,secukupnya,,,,,,,,,,,,,,,,,"1.Kukus tempe sampai melunak, lalu hancurkan. Campur dengan telur dan terigu. Aduk rata 2.Tambahkan irisan seledri, lada, dan penyedap rasa. Aduk hingga merata 3.Bentuk adonan bulat pipih, tingkat ketebalan bisa diatur sesuai selera..4.Panaskan teflon, tambahkan sedikit saja mentega, panggang adonan hingga harum dan kecoklatan. 5.Selagi matang marii kita buat sausnya... Iris bawang merah, bawang putih, cabai, panaskan minyak 6.Tumis bawang2an hingga layu, tuang saori saus lada hitam, tambahkan sedikit air.. Kasih sejuput penyedap rasa dan sedikit lada. Tunggu hingga mengental 7.Jika sudah matang tiriskan, makan selagi hangat lebih nikmat.",https://img-global.cpcdn.com/recipes/3e86112bcae26d6a/1360x964cq70/steak-tempe-rendah-kalori-dgn-daus-lada-hitam-simpel-foto-resep-utama.webp,1,56.7,49.75,lauk,siang,,
ayam saori tiram,400,dada ayam tanpa kulit,300 gram,tomat hijau,1/2 biji,mentega,1 sdt,bawang putih,2 siung,saos tiram,1/2 bungkus,lada bubuk,1/2 sdt,,,,,,,,,,,,,,,,,,,"1.Marinasi ayam dengan saori, bawang putih, dan lada bubuk kurang lebih 20menit 2.Panaskan margarin di teflon lalu masukkan smua ayam dan bumbu yg dimarinasi, aduk² hingga ayamnya matang. Sisihkan dan masukkan tomat hijau diatasnya.",https://img-global.cpcdn.com/recipes/01db0e1ecc290687/1360x964cq70/ayam-saori-tiram-untuk-diet-foto-resep-utama.webp,1,94.4,6.07,lauk,siang,malam,
bihun tahu,210,bihun kuah,1 bungkus,tahu putih,secukupnya,bayam,1/2 ikat,telur,1 butir,cabai rawit,sesuai selera,air,secukupnya,,,,,,,,,,,,,,,,,,,"1.Rebus air agak banyak karna nanti akan menyusut 2.Setelah air mendidih, masukkan telur yang sudah dikocok lepas kedalam air mendidih 3. Masukkan tahu yang sudah dipotong dadu 4.Masukkan bihunku, cabe rawit bumbu nya 5.Terakhir masukkan sayur bayam 6.Setelah seluruh bahan dirasa sudah matang matikan kompor dan bihun siap disajikan.",https://img-global.cpcdn.com/recipes/2b9749ff6fd253c5/1360x964cq70/bihun-rebus-mix-tahu-rebusmenu-diet-foto-resep-utama.webp,2,9.4,16.95,lauk,siang,,
kani shirataki mentai,445,nasi shirataki,1 piring,crab stick,4 buah,mayo original,2 sdm,mayo pedas,2 sdm,nori bubuk,secukupnya,nori,secukupnya,,,,,,,,,,,,,,,,,,,1.Campurkan nasi shirataki dengan nori bubuk lalu diaduk aduk hingga merata 2.Masukkan nasi yang telah tercampur dengan gurihya ke wadah aluminium foil atau wadah apa saja yang tahan panas 3.Potong potong crab stick/kani kemudian campur dengan mayo. Aduk hingga merata 4.Tuangkan campuran mayo dan kani tadi ke atas nasi shirataki. Hias dengan potongan nori kemudian panggang selama 20 menit dengan suhu 180°C (tergantung oven yang digunakan)kalau ada torch boleh pakai torch.,https://img-global.cpcdn.com/recipes/cbaf94559cc7b312/1360x964cq70/kani-shirataki-mentai-makanan-diet-rendah-kalori-foto-resep-utama.webp,1,6.7,5.26,pokok,siang,,
bakso ayam sehat,492,dada ayam filet,165 gram,lada bubuk,1/2 sachet,kaldu jamur,secukupnya,putih telur,secukupnya,bawang putih,2 siung,bawang goreng,5 gram,tapioka,70 gram,,,,,,,,,,,,,,,,,"1.Potong dada ayam filet hingga halus, agar mudah di blender.2.Masukan bumbu, lada kaldu jamur, bawang putih dan bawang goreng dan juga putih telur Kemudian blender sampai halus.Kemudian bentuk bulatan bakso 3.Panaskan panci dan beri air kira kira 500 mili untuk merebus bakso.Masukan bulatan bakso kedalam panci mendidih, jika sudah mengapung tanda bakso sudah matang 4.Untuk membuat sambal bakso diperlukan cabai rawit merahsecukupnya atau sekitar 40 gr dan bawang putih 2 siung. Rebus dan blender beri kaldu jamur dan gula rendah kalori 5.Bakso dan sambalnya siap di hidangkan.",https://img-global.cpcdn.com/recipes/26b412d3756306cb/1360x964cq70/bakso-ayam-rendah-kalori-diet-tetap-makan-enak-foto-resep-utama.webp,1,55.3,59.2,lauk,siang,malam,
pedesan suwir ayam,208,dada ayam,130 gram,cabai giling,1 sdm,bawang putih,2 buah,kecap manis 1 sdm,sereh,1 ruas kecil,garam,1 sdt,,,,,,,,,,,,,,,,,,,,"1.Rebus terlebih dahulu ayam yang sudah di bersihkan 2.Jika matang, angkat, tiriskan sejenak lalu suwir-suwir ayamnya yahh 3.Potong bawang putih menjadi irisan tipis lalu tumis tanpa minyak yah:) pastikan pan temen-temen ga lengket yah :) 4.Kemudian masukkan cabai giling/halus serta sereh yang sudah di geprek lalu tambahkan sedikit air dan tunggu hingga sedikit mendidih 5.Masukkan ayam yang sudah di suwir, tambahkan garam dan kecap manis, aduk dan tunggu hingga matang:) 6.Pedesan Suwir Ayam siap dinikmati:)",https://img-global.cpcdn.com/recipes/ec1991cdb0d03eb9/1280x1280sq70/photo.webp,1,40.9,11.03,lauk,siang,malam,
pepes tahu,216,tahu,20 pcs,wortel,50 gram,cabai hijau besar,1 buah,garam,1 sdt,daun pisang,secukupnya,,,,,,,,,,,,,,,,,,,,,1.Cuci bersih tahu lalu sisihkan dalam mangkok 2.Haluskan tahu (kasar) dengan spatula 3.Masukkan wortel yang telah di potong korek api dan cabai potong miring 4.Tambahkan garam lalu aduk sampai rata 5.Masukkan tahu satu sdmke daun pisang yang sudah dibersihkan 6.Kukus kurang lebih 8-10 menit 7.Angkat tahu lalu bakar sedikit di pan anti lengket,https://img-global.cpcdn.com/recipes/a53e483ac5f327e8/1280x1280sq70/photo.webp,1,17.4,11.3,lauk,siang,malam,
bakso tempe,300,tempe ,300 gram,bawang putih,6 siung,garam,1 sdt,lada bubuk,1 sdt,telur,2 butir,tepung tapioka,200 gram,,,,,,,,,,,,,,,,,,,"1. siapkan bahan - bahan 2.Kukus tempe yang telah dipotong dadu selama 15 menit 3. sambil menunggu kukusan,haluskan bawang putih dan garam.sisihkan. 4.haluskan tempe,tambahkan bumbu halus,telur dan lada, aduk rata. 5.campurkan tepung tapioka,uleni hingga tercampur rata. 6.bentuk adonan menjadi bulat. 7.rebus pada air mendidih hingga mengapung, 8.angkat,tiriskan,siap disajikan",https://img-global.cpcdn.com/recipes/fa9b852f898e8b4c/1280x1280sq70/photo.webp,4,4.3325,48.755,lauk,siang,,
nasi ayam lada hitam,460,dada ayam,200 gram,bawang putih,1 siung,olive oil,1 sdt,saos lada hitam,secukupnya,timun,1 buah,tomat,1 buah,nasi merah,3 sdm,,,,,,,,,,,,,,,,,"1.Tumis 1 siung bawang putih cincang dengan 1 sdt olive oil 2.Masukkan potongan Dada ayam 3.Tambahkan saos tiram Lada hitam 1 sdm 4.Hidangkan dengan irisan timun, irisan tomat, 3 lembar daun selada dan nasi merah 5 sdm",https://img-global.cpcdn.com/recipes/5a0b54503dd7875c/1360x964cq70/ayam-lada-hitam-rendah-kalori-untuk-diet-foto-resep-utama.webp,1,46,23.42,pokok,siang,malam,
sandwich roti gandum,555,roti gandum,2 lembar,sosis,2 buah,margarin,1/2 sdm,saus sambal,secukupnya,mayonaise,secukupnya,,,,,,,,,,,,,,,,,,,,,"1.Masukan margarin ke teflon setelah panas, panggang sosis sampai agak kering (atau sesuai selera) 2.Gepengkan roti gandum, lalu masukan keju dan sosis yang sudah di panggang, lalu gulung 3.Roti yang sudah digulung di panggang lagi di teflon hingga kecoklatan 4.sandwich roti gandum yg crunchy siap di santap",https://img-global.cpcdn.com/recipes/de171c96fdfe6470/1360x964cq70/sandwich-roti-gandum-untuk-diet-rendah-kalori-foto-resep-utama.webp,1,14,28.5,pokok,pagi,siang,malam
sayur bakso,495,wortel,2 buah,toge,1 bungkus,brokoli,secukupnya,bakso,secukupnya,garam,secukupnya,kaldu,secukupnya,minyak goreng,secukupnya,,,,,,,,,,,,,,,,,"1. Panaskan wajan, beri minyak sedikit tumis bumbu. 2. Masukkan baso, tqmbah air panas, masukkan wortel masak setengah matang. 3. Masukkan brokoli, tqmbahkan garam dan kaldu. 4. Sebelum diangkat, masukkan toge hitung 10 detik, angkat hidangkan. 5. Beri taburan bawang goreng dan daun bawang seledri (bila perlu). Siap santap !!!",https://img-global.cpcdn.com/recipes/57c2676e8bd031fd/640x640sq70/photo.webp,1,8,35.2,sayuran,siang,malam,
perkedel tahu air fryer,598,tahu putih,8 buah,telur,1 buah,wortel,1/2 buah,bumbu dasar bawang,secukupnya,daun bawang,2 batang,merica,secukupnya,minyak kelapa,1 sdm,,,,,,,,,,,,,,,,,"1. aduk dan hancurkan semua bahan, bentuk bulatan. bila kurang menempel, bisa ditambah telur lagi. 2. semprot dengan minyak kelapa, tata di airfryer, panggang 120°C selama 15 menit.",https://img-global.cpcdn.com/recipes/3ff7674409e787ce/640x640sq70/photo.webp,1,19,13,lauk,siang,malam,
oatmeal dengan susu kedelai,331,oatmeal,30 gram,susu kedelai,200 ml,strawberry,100 gram,chia seed,10 gram,granola,15 gram,,,,,,,,,,,,,,,,,,,,,"1. Tuang oatmeal ke wadah kaca atau kotak makan. 2. Disusul dengan menuangkan susu kedelai (jangan hanya becek, biarkan agak tenggelam sedikit karena oatmeal dan chia seed akan menyerap susu kedelai). 3.Taburkan chia seed sesuai selera. 4. Diamkan dalam wadah tertutup dalam lemari es semalaman (bukan di freezer). 5. Voila! Santap sebagai snack (iris strawberry dan taburkan sedikit granola utk memperkaya rasa dan tekstur - sebelum disantap - supaya strawberry dalam keadaan segar dan granola masih crunchy)",https://img-global.cpcdn.com/recipes/321becdb0422be3c/640x640sq70/photo.webp,1,11,44.45,pokok,pagi,,
salad sayur,288,selada hijau,30 gram,selada merah,30 gram,wortel parut,30 gram,tomat ceri,100 gram,tuna fillet,50 gram,telur,1 butir,olive oil,10 gram,,,,,,,,,,,,,,,,,"1. Siapkan bahan-bahan salad. 2. Panaskan minyak, masak tuna. Taburkan garam dan lada bubuk, aduk hingga matang. 3. Rebus telur. 4. Tata semua bahan salad di atas mangkok saji dan kucurkan perasan lemon. Sajikan salad dengan dressing saus.",https://img-global.cpcdn.com/recipes/4f82a9d533f8620f/640x640sq70/photo.webp,1,16,7.86,sayuran,siang,malam,
simple grilled chicken,334,ayam dada,500 gram,wortel,200 gram,kentang,600 gram,brokoli,200 gram,bumbu marinasi,2 sdm,kecap manis,2 sdm,margarin,10 gram,,,,,,,,,,,,,,,,,"1. Siapkan bahan. Daging ayam dada sudah dimarinasi malam sebelumnya pakai bumbu marinasi, garam, dan lada. Simpan dalam kulkas. Kupas kentang, cuci bersih lalu potong-potong ukuran sedang. Bilas hingga bersih. Rebus kentang hingga matang. Angkat dan tiriskan. 2. Kupas dan cuci bersih wortel. Potong-potong brokoli dan rendam dengan air panas. Rebus brokoli dan wortel hingga matang crunchy. Grill kentang hingga kecoklatan, taburi oregano. 3. Panaskan grill pan. Panggang daging hingga keluar garis bakar. Balik hingga matang merata. Tambahkan margarin, balik sekali lagi. Tambahkan kecap manis (opsional). Pastikan matang semua sisi. Angkat dan sajikan dengan kentang dan sayuran.",https://img-global.cpcdn.com/recipes/0c309b340a099df7/640x640sq70/photo.webp,4,28.75,38.5,lauk,siang,malam,
sup ayam dan jamur,350,dada ayam fillet,300 gram,wortel,150 gram,kentang,150 gram,brokoli,50 gram,jamur kuping,30 gram,jamur enoki,30 gram,bawang putih goreng,10 gram,,,,,,,,,,,,,,,,,"1. Potong ayam, lalu masukkan ke dalam air mendidih. Tambahkan kentang dan wortel hingga matang, beri garam dan merica. 2. Rebus brokoli terpisah dengan sedikit garam agar warnanya tetap cantik. 3. Setelah matang, masukkan bawang putih goreng dan jamur, aduk sebentar. 4. Hidangkan dalam mangkuk, beri brokoli secukupnya.",https://img-global.cpcdn.com/recipes/891c6b3fd2187566/640x640sq70/photo.webp,1,75,45.07,lauk,siang,malam,
ikan mujair goreng,150,ikan mujair fillet,100 gram,cuka atau jeruk limau,1 sdt,garam,1/4 sdt,ketumbar bubuk,1/4 sdt,kunyit bubuk,1/4 sdt,minyak goreng,secukupnya,tempe goreng,secukupnya,,,,,,,,,,,,,,,,,"1. Bumbui ikan dengan cuka atau perasan jeruk limau, garam, ketumbar, dan kunyit pada setiap sisi. Biarkan 5 menit agar bumbu meresap. 2. Panaskan minyak, goreng ikan mulai dari bagian kulitnya hingga kecokelatan, lalu balik ke sisi lainnya. 3. Goreng hingga matang, tiriskan, dan hidangkan. Dapat disajikan dengan tempe goreng atau sayur bayam.",https://img-global.cpcdn.com/recipes/4e758bf53459da9d/640x640sq70/photo.webp,1,35,4.975,lauk,siang,malam,
oatmeal buah,450,oatmeal,50 gram,susu cair,200 ml,buah naga,50 gram,alpukat,50 gram,apel,50 gram,pisang,50 gram,madu,1 sdt,,,,,,,,,,,,,,,,,"1. Masukkan susu cair ke dalam panci. 2. Tambahkan oatmeal dan panaskan hingga mendidih. 3. Masak hingga kental dan tercampur rata. 4. Potong-potong buah naga, alpukat, apel, dan pisang. 5. Sajikan oatmeal dalam mangkuk, tambahkan potongan buah di atasnya dan siram dengan madu.",https://img-global.cpcdn.com/recipes/9c2048dae89eb603/640x640sq70/photo.webp,1,7.7,59,pokok,pagi,,
bihun kukus,285,bihun,66 gram,telur,1 butir,daun bawang,secukupnya,wortel,30 gram,lada,secukupnya,garam,secukupnya,bawang putih,2 siung,,,,,,,,,,,,,,,,,"1. Potong-potong wortel dan daun bawang. 2. Rebus bihun, kemudian potong-potong (optional). 3. Campurkan semua bahan hingga merata. 4. Masukkan campuran ke dalam wadah atau cetakan. 5. Kukus selama 15 menit hingga matang. 6. Sajikan bihun kukus siap dinikmati.",https://img-global.cpcdn.com/recipes/689bb258790344bc/640x640sq70/photo.webp,2,7.4,11.35,lauk,siang,,
nugget tempe,600,tempe,350 gram,telur,1 butir,daun bawang,1 batang,tepung terigu,3 sdm,tepung tapioka,2 sdm,tepung roti,secukupnya,bawang putih,3 siung,,,,,,,,,,,,,,,,,"1. Kukus tempe hingga empuk selama sekitar 15 menit. 2. Haluskan tempe, kemudian campurkan dengan bawang merah dan bawang putih yang sudah dihaluskan. 3. Tambahkan telur, lalu masukkan tepung terigu dan tepung tapioka secara bertahap. 4. Tambahkan garam, kaldu ayam, dan daun bawang cincang halus. 5. Masukkan adonan ke dalam wadah tahan panas dan kukus selama 30 menit. 6. Setelah dingin, potong nugget tempe sesuai selera. 7. Kocok telur, balur nugget tempe dengan tepung roti, dan goreng hingga matang.",https://img-global.cpcdn.com/recipes/0b93c686ae4f6973/640x640sq70/photo.webp,4,7,21.3375,lauk,siang,malam,
bolu ubi,300,ubi kuning,1 buah,telur,1 butir,madu,1 sdm,selai kacang,1 sdm,air,secukupnya,garam,secukupnya,vanila secukupnya,secukupnya,,,,,,,,,,,,,,,,,"1. Rebus ubi selama 15-20 menit hingga matang, lalu tiriskan. 2. Kupas kulit ubi dan haluskan dengan sendok. 3. Tambahkan selai kacang, madu, dan telur secara bertahap sambil diaduk rata. 4. Masukkan adonan ke dalam wadah stainless dan kukus selama 15-20 menit. Bolu ubi siap disajikan.",https://img-global.cpcdn.com/recipes/44f26d93df921711/640x640sq70/photo.webp,1,27.9,64,cemilan,pagi,,
pancake pisang,680,pisang,3 buah kecil,madu,3 sdm,telur,3 butir,tepung terigu,9 sdm,ghee,secukupnya,garam,secukupnya,,,,,,,,,,,,,,,,,,,"1. Oles ghee pada wajan dan panaskan. 2. Masak pancake hingga kecokelatan, lalu balik. 3. Tambahkan topping madu atau sesuai selera saat disajikan.",https://img-global.cpcdn.com/recipes/331663e0e66dc7c5/640x640sq70/photo.webp,3,5.9,59,pokok,pagi,,
ayam kuah angkak,740,ayam kampung,1 ekor,angkak,1 sdm,jahe,5 cm,air,2 liter,garam,secukupnya,gula,secukupnya,merica,secukupnya,,,,,,,,,,,,,,,,,"1. Rebus air dan ayam bersama jahe hingga mendidih dan mengeluarkan kaldunya. 2. Tambahkan angkak, gula, garam, dan merica. Rebus kembali hingga ayam empuk dengan api sedang. 3. Angkat dan sajikan selagi hangat.",https://img-global.cpcdn.com/recipes/3d486143fc412190/640x640sq70/photo.webp,2,75,7.4,lauk,siang,malam,
sup rumput laut miso,220,rumput laut kering,1 sdm,miso,1 sdm,kaldu ayam,500 ml,kaldu jamur,1 sdt,dashi bubuk,1 sdt,gula,1 sdm,,,,,,,,,,,,,,,,,,,"1. Rendam rumput laut kering dengan air selama 15 menit. Sementara itu, panaskan air kaldu ayam. 2. Campurkan miso dengan 1 centong air kaldu ayam dalam mangkok, aduk hingga rata. 3. Setelah mendidih, masukkan rumput laut dan rebus 5-10 menit dengan api kecil. 4. Tambahkan miso dan bumbu lainnya, jaga agar kuah tidak mendidih. Cicipi rasa dan sajikan.",https://img-global.cpcdn.com/recipes/586dba062d9aef0e/640x640sq70/photo.webp,1,6.7,22.5,sayuran,siang,malam,
ayam sauté,480,dada ayam fillet,100 gram,bawang bombay,70 gram,bawang putih,12 gram,minyak goreng,30 gram,kecap asin,2 gram,kaldu bubuk,1 gram,gula pasir kecil,1 gram,,,,,,,,,,,,,,,,,"1. Potong dadu dada ayam, cuci bersih, tiriskan. Iris memanjang bawang bombay. Iris tebal bawang putih. 2. Tumis dengan minyak goreng tersebut dada ayam hingga kecoklatan. Lalu masukkan bawang bombay & bawang putih hingga harum dan tambahkan bahan perasanya. 3. Masakan siap disajikan & disantap.",https://img-global.cpcdn.com/recipes/Recipe_2015_02_03_07_01_32_604_b7576068b373f1baeb8c/640x640sq70/photo.webp,4,8,2.915,lauk,siang,,
gimbap sehat,225,oat  instant,5 sdm,wortel,1 buah,tahu putih,1 buah,telur,1 butir,nori,1 lembar,,,,,,,,,,,,,,,,,,,,,"1. Panggang tahu di atas teflon yg dioles minyak2 2. Buat telur dadar di atas teflon yg sdh dioles minyak 3. Di dalam mangkok, masukan 5 sdm oat instant, beri sedikit jamur kaldu/garam dan beri air panas mendidih, campur rata 4. Letakan nori di atas gulungan sushi, beri oat dan semua isian (wortel, telur dan tahu) lalu gulung dan iris 5. Gimbap versi sehat siap disajikan",https://img-global.cpcdn.com/recipes/2ea5c4b1d512fa4c/680x482cq70/gimbap-sehat-rendah-kalori-menudiet-foto-resep-utama.webp,1,21.25,29.85,pokok,siang,,
tahu telur kukus,185,tahu putih,2 buah,telur,2 butir,wortel,1/2 buah,daun bawang,1 buah,garam,secukupnya,kaldu bubuk,secukupnya,merica,secukupnya,,,,,,,,,,,,,,,,,1. hancurkan tahu lalu tambahkan semua bahan lainnya 2. Masukkan ke wadah tahan panas lalu kukus selama 20 menit 3. Matikan kompor dan siap disantap selagi hangat ,https://img-global.cpcdn.com/recipes/f249a8506d722961/680x482cq70/tahu-telur-kukus-sarapan-sehat-foto-resep-utama.webp,1,28.55,7.8,lauk,siang,malam,
pizza ubi teflon,250,ubi ungu,1 buah,pisang,1 buah,tepung mocaf,3 sdm,telur,1 butir,chochochips,secukupnya,,,,,,,,,,,,,,,,,,,,,"1. Haluskan ubi ungu kukus dan pisang dengan garpu 2. Masukkan telur, tepung mocaf. Lalu aduk adonan hingga merata 3. Panas kan teflon terlebih dahulu. Dengan api kecil 4. Tuang adonan diteflon dan ratakan. Beri topping sesuai selera. Lalu tutup 5. Jika adonan atas sudah tidak lembek, artinya sudah matang. 6. Angkat dan sajikan ",https://img-global.cpcdn.com/recipes/08d90f3d63f4e902/680x482cq70/pizza-ubi-teflon-kudapan-sehat-gluten-free-no-sugar-foto-resep-utama.webp,2,5,45,cemilan,siang,malam,
sawi tahu,240,sawi putih,5 helai,tahu putih,4 buah,telur ,1 butir,daun bawang,1 buah,tepung tapioka,3/4 sdm,wortel,1 buah,penyedap,secukupnya,,,,,,,,,,,,,,,,,1. Cuci & kukus (3 menit) daun sawi 2. Siapkan isiannya lalu aduk semua bahan hingga tercampur rata 3. Masukkan isian ke dalam daun sawi 4. Rolling 5. Kukus 10-15 menit 6. Angkat dan tiriskan sebentar 7. Sajian siap dinikmati dengan saus,https://img-global.cpcdn.com/recipes/9af7f86b223eb124/680x482cq70/roll-sawi-tahu-foto-resep-utama.webp,1,39,18,sayuran,siang,malam,
dimsum sehat,250,ayam giling,300 gram,udang giling,100 gram,wortel,2 buah,kentang,2 buah,keju slice,secukupnya,telur,2 butir,kulit dimsum,1 bungkus,,,,,,,,,,,,,,,,,"1. Parut wortel dan kentang pakai parutan keju, dan potong potong daun bawang, lalu campurkan semua bahan dan persausan, potong dadu sekecil mungkin bawang bombay, haluskan bawang putih dan campurkan semua bahan aduk hingga tercampur semuanya 2. Didihkan air kasih alasan untuk mengukus dimsum dan tidak lupa olesi minyak di panci kukusan 3. Bentuk dimsum atau sesuka hati bentuknya lalu masukan keju slice secukupnya dibagian tengah dimsum yg sudah dibentuk 4. Lalu jika sudah semua ter bentuk kukus dimsum yang sudah terbentuk selama 15 - 20 menit",https://img-global.cpcdn.com/recipes/dd1afe1694220562/680x482cq70/dimsum-sehat-tanpatepung-foto-resep-utama.webp,2,48,108,cemilan,siang,malam,
ubi stick panggang,285,ubi jalar,1 buah,minyak,secukupnya,tepung maizena,1 sdm,garam,secukupnya,merica bubuk,secukupnya,,,,,,,,,,,,,,,,,,,,,"1. Kupas dan cuci ubi, lalu potong memanjang seperti kentang goreng 2. Pindah ke mangkok dan campurkan dengan minyak, maizena, garam & merica. 3. Kemudian tata di atas loyang dan panggang selama 30 menit di suhu 200c 4. Lalu masukkan ke dalam mangkuk, dan beri sedikit garam diatasnya (optional). Ubi panggang siap di nikmati",https://img-global.cpcdn.com/recipes/1ef50f3c218356d1/680x482cq70/ubi-panggang-baked-sweet-potato-cemilan-sehat-untuk-diet-foto-resep-utama.webp,1,1.5,49.5,cemilan,siang,,
brownis sehat,230,pisang,1 buah,ubi celembu,1 buah,telur ,1 butir,ghee,1 sdm,raw cocoa powder,1/2 sdm,kacang mete,secukupnya,,,,,,,,,,,,,,,,,,,1. haluskan bahan utama 2. campurkan semua bahan 3. panggang 4. siap disajikan,https://img-global.cpcdn.com/recipes/a6da8e551850b991/680x482cq70/brownis-sehat-no-tepung-foto-resep-utama.webp,3,3,20.61666667,cemilan,siang,,
salad romaine,250,selada romaine,1 buah,thousand island,1 sdm,keju parut,3 gram,,,,,,,,,,,,,,,,,,,,,,,,,1. Potong selada dan bilas dengan air 2. campurkan selada dengan keju 3. tuangkan thousand island 4. salad romaine siap dinikmati,https://img-global.cpcdn.com/recipes/6d4617f9e84cce33/680x482cq70/resep-salad-romaine-mudah-ringkas-sehat-cepat-sattsett-cemilan-paling-favorit-foto-resep-utama.webp,1,1.5,7.1,sayuran,siang,malam,
ikan dori kukus,170,ikan dori fillet,1 ekor,daun bawang,1 buah,bawang putih bubuk,1/2 sdm,jahe bubuk,1/4 sdm,kecap asin,1 sdm,cabe bubuk,secukupnya,,,,,,,,,,,,,,,,,,,"1. Bersihkan ikan dan daun bawang, Potong-potong ikan dori dan daun bawang 2. Taburi bawang putih bubuk secukupnya 3. Masukkan bumbu dan aduk hingga merata 4. Kukus selama 15 menit 5. Masakan siap dihidangkan",https://img-global.cpcdn.com/recipes/c88eff606e9a4679/680x482cq70/ikan-dori-kukus-sehat-bergizi-tinggi-foto-resep-utama.webp,1,22,1.22,lauk,siang,malam,
dada ayam wijen,350,dada ayam,500 gram,bawang bombai,1 buah,tepung maizena,1 sdm,minyak wijen,1 sdm,kecap manis,1 sdm,penyedap,secukupnya,biji wijen,secukupnya,,,,,,,,,,,,,,,,,"1. Siapkan semua bahan. Potong dada ayam kotak2 dan campur dengan tepung maizena agar daging lembut, diamkan sebentar 2. Panaskan teflon dan minyak, saya pakai spray oil 3 pumps. Masukan ayam, ratakan di teflon dan ga usah di bolak balik, tunggu memutih baru dibalik 3.  Begitu ayam mulai matang masukan bawang bombai dan semua bumbu. Koreksi dan sesuaikan rasa 4. Campurkan biji wijen, tata di mangkok dan taburi lagi diatasnya",https://img-global.cpcdn.com/recipes/693f0f082a95dced/680x482cq70/dada-ayam-wijen-sehat-tinggi-protein-foto-resep-utama.webp,2,55,11.565,lauk,siang,malam,
ayam kecap,200,dada ayam,250 gram,bawang putih,3 siung,bawang merah,2 siung,cabagi merah,3 buah,kecap manis,4 sdm,kecap asin,1 sdm,garam,secukupnya,,,,,,,,,,,,,,,,,"1. Potong kecil kecil daging ayam 2. Cuci bersih dengan air 3. Haluskan bawang putih, bawang merah 4. Cabai optional,di iris atau digiling, saya giling 5. Masukkan ke dalam ayam yang sudah di potong, dan tambah kecap manis,kecap asin, lada,dan garam 6. Marinasi selama 15-30 menit 7. Siapkan wajan, dan masukkan ayam yang telah dimarinasi, tanpa minyak 8. Tunggu beberapa saat, tambahkan air, lalu koreksi rasa 9. Ayam kecap siap dinikmati",https://img-global.cpcdn.com/recipes/811cb9f06dcdc6ad/680x482cq70/ayam-kecap-sehat-anak-kos-foto-resep-utama.webp,2,28,13.135,lauk,siang,malam,
ayam panggang jahe,360,paha ayam,500 gram,jahe ,1 ruas,kecap asin,2 sdm,garam,secukupnya,merica,secukupnya,lemon,1/2 buah,,,,,,,,,,,,,,,,,,,"1. Bersihkan ayam lalu campurkan dengan bumb marinasi, jahe, lada bubuk, garam, dan kecap asin 2. Aduk merata dan marinasi selama 30 menit 3. panggang bagian lemak terdahulu pada teflon anti lengket dengan api kecil 4. Balik ayam setiap 8 menit sekali lalu tutup pan selama 5 menit 5. Ayam panggang siap disajikan",https://img-global.cpcdn.com/recipes/733cd9e487fec380/680x482cq70/ayam-panggang-jahe-sehat-praktis-foto-resep-utama.webp,2,25,4.135,lauk,siang,malam,
ayam rebus,350,ayam potong,500 gram,garam,1 sdm,bubuk kaldu,1/2 sdm,bawang putih,2 siung,jahe,secukupnya,kunyit,secukupnya,air,500 ml,,,,,,,,,,,,,,,,,1. Cuci bersih ayam 2. Rebus ayam bersamaan dengan bumbu lainnya selama 25 menit 3. Ayam rebus siap dinikmati ,https://img-global.cpcdn.com/recipes/e6d7970e0c1493ff/680x482cq70/442-ayam-rebus-sehat-foto-resep-utama.webp,2,35,2.135,lauk,siang,malam,
chicken wrap,160,tortila gandum,4 lembar,dada ayam,250 gram,tomat,1 buah,lettuce,3 lembar,mayones,2 sdm,saos sambal,1 sdm,garam dan lada,secukupnya,,,,,,,,,,,,,,,,,"1. Marinasi ayam dengan garam dan lada minimal 30 menit 2. Grill dada ayam hingga matang 3. Potong2 dada ayam, lettuce dan tomat, masukkan ke dalam mangkuk 4. Tambahkan saos mayones, saos tomat, saos sambal lalu aduk rata 5. Grill kulit tortilla di atas teflon, bolak balik hingga matang, sisihkan 6. Sendokkan isian ayam ke atas kulit tortilla dan gulung, sajikan",https://img-global.cpcdn.com/recipes/5a35ec22f3dc0564/680x482cq70/chicken-wrap-healthy-kebab-foto-resep-utama.webp,2,27.5,28.555,pokok,siang,malam,
steak fillet dada ayam,230,dada ayam,500 gram,kecap asin,2 sdm,lada hitam,secukupnya,,,,,,,,,,,,,,,,,,,,,,,,,"1. Iris agak tipis dada ayam fillet 2. Beri kecap asin dan lada hitam, aduk rata 3. Panaskan teflon, tata ayam 4. Langsung balik jika sudah berubah warna putih, panggang sebentar sampai tingkat matang sesuai selera 5. Bisa disajikan dengan saus favorit",https://img-global.cpcdn.com/recipes/e84f72c78c619d66/680x482cq70/steak-fillet-dada-ayam-3-bahan-menu-sehat-tanpa-minyak-foto-resep-utama.webp,2,55,1.65,lauk,siang,malam,
greek lemon chicken,400,dada ayam,500 gram,olive oil,4 sdm,lemon juice,3 sdm,bawang putih,2 siung,oregano,2 sdt,garam,3/4 sdt,madu,1 sdt,,,,,,,,,,,,,,,,,"1. Cuci bersih dada ayam tanpa tulang, tusuk2 dada ayam pake garpu secara merata. Tujuannnya supaya bumbu marinasi lebih meresap ke daging. kemudian masukkan ke dlm plastik ziplock. 2. Masukkan semua bumbu kedlm mangkuk, aduk rata. Tuang bumbu kedlm plastik ziplock berisi dada ayam, rapatkan plastik lalu remas-remas sebentar supaya bumbu meresap. 3. Diamkan selama 1 - 2 jam dikulkas.  4. dimasak di pan dengan api kecil sambil disiram minyak bumbunya, bolakbalik dan masak sampe matang.",https://img-global.cpcdn.com/recipes/d2ff8dc7fb79f508/680x482cq70/greek-lemon-chicken-grill-lebi-sehat-tnpa-gula-penyedap-rasa-foto-resep-utama.webp,2,55,6.4,lauk,siang,malam,
oven baked chicken breast,370,dada ayam,500 gram,olive oil,1 sdm,brown sugar,1 sdm,paprika powder,1 sdm,dried oregano dan thyme,2 sdm,garlic powder,1 sdm,garam ,1 sdm,,,,,,,,,,,,,,,,,"1. Siapkan bahan dan nyalain oven disuhu 250 c, alas baking tray dengan foil atau baking paper 2. Siapkan dada ayam, potong menjadi 4 pcs (ketebalannya usahakan sama) agar matengnya juga merata. bisa memakai meat pounder atau rolling pin 3. Mix semua bumbu kecuali olive oil 4. Tuang olive oil diayam lalu lumurin ayam dengan bumbu hingga merata 5. Bake di oven selama 18-20 menit 6. Setelah mateng keluarkan dari oven tunggu sekitar 5 menit lalu potong2",https://img-global.cpcdn.com/recipes/0d3a6d81ddb561ac/680x482cq70/healthy-oven-baked-chicken-breast-foto-resep-utama.webp,2,55,8,lauk,siang,malam,
ayam sambal matah tanpa minyak,270,dada ayam,450 gram,sereh,25 gram,bawang putih,22 gram,bawang merah,65 gram,cabagi merah,7 buah,daun jeruk,5 lembar,terasi bakar,secukupnya,,,,,,,,,,,,,,,,,"1. Siapkan bahan bahan diatas dan iris kecil kecil 2. Didihkan air, Masukan ayam yang sudah dipotong kecil ke dalam air dan tunggu 5 menit kemudian angkat 3. Tambahkan air bersih masukan bahan bahan ke dalam teflon, tambahkan garam dan kaldu jamur. 4. Setelah bahan agak layu, masukan ayam dan tunggu hinga airnya mengering. 5. ayam sehat rendah kalori siap dinikmati",https://img-global.cpcdn.com/recipes/75cd30363e312eb2/680x482cq70/ayam-sehat-sambal-matah-tanpa-minyak-foto-resep-utama.webp,2,47,12.83,lauk,siang,malam,
tumis jamur tomat,70,jamur shimeji,1 pack,tomat,2 buah,daun bawang,secukupnya,lada bubuk,1/2 sdt,kaldu jamur ,1 sdt,cabai rawit,secukupnya,,,,,,,,,,,,,,,,,,,"1.ambil jamur shimeji dari kulkas, lalu cuci hingga bersih berkilau. ambil juga tomat, lalu potong-potong menjadi beberapa bagian. 2.siapkan teflon dan beri sedikit minyak, lalu masukkan tomat dan tumis hingga layu dan mengeluarkan airnya.3.Tambahkan jamur yang sudah disiapkan tadi, lalu tumis hingga matang. Jangan lupa tambahkan bumbu. 4.Terakhir, masukkan daun bawang yang sudah di cincang dan tumis sebentar hingga air yang ada dari jamur dan tomat menyusut.",https://img-global.cpcdn.com/recipes/8e2df776db8372d6/1360x964cq70/tumis-jamur-tomat-cocok-buat-yang-lagi-diet-foto-resep-utama.webp,1,6,18.4,sayuran,siang,malam,
ayam cabe garam ,208,dada ayam fillet,100 gram,kembang tahu kering,3 gulung,bawang putih,7 siung,cabai rawit,3 buah,daun bawang,1 batang,minyak kelapa,1 sdt,lada,secukupnya,garam,secukupnya,kaldu jamur,secukupnya,,,,,,,,,,,,,"1. dada ayam dipotong ukuran sedang.
kembang tahu di rendam air hingga lunak, potong2, tiriskan.2.bawang putih cincang kasar dan cabe dipotong2, jika suka pedas tidak perlu buang bijinya.3.Siapkan wajan dan semprot 2x dengan minyak kelapa (saya pakai semprotan minyak beli di Syopi/toped), masukkan ayam, hingga berubah warna dan mulai matang.4.angkat dan sisihkan ayamnya. 5.
panaskan minyak (2x semprot), tumis bawang putih dan cabe hingga harum dan berubah warna.
Masukkan ayamnya, (akan ada sedikit air dr ayam, tidak masalah), aduk rata.6.masukkan kembang tahu yg sudah mengembang dan sudah ditiriskan airnya.
Aduk rata. 7.Masukkan semua bumbu: garam, lada, kaldu jamur, terakhir masukkan irisan daun bawang.
Aduk lagi hingga air menyusut sempurna, koreksi rasa.
Angkat dan hidangkan di piring saji",https://img-global.cpcdn.com/recipes/0aafc0d37f95ec32/1360x964cq70/ayam-cabe-garam-sehat-foto-resep-utama.webp,3,22.83,4.566666667,lauk,siang,malam,
tahu katsu ,500,tahu kukus,4 pcs,telur,1 butir,tepung mocaf,5 sdm,tepung roti,secukupnya,bawang putih,4 siung,lada bubuk ,secukupnya,kaldu bubuk,secukupnya,garam,secukupnya,,,,,,,,,,,,,,,"1.Tahu dihaluskan cukup menggunakan garpu saja.2.masukkan bawang putih, lada, garam, kaldu bubuk, dan ½ bagian telur kemudian diaduk sampai tercampur merata.3.masukkan tepung mocaf dan diaduk sampai tercampur merata.4.adonan bisa dibentuk ukuran sesuai selera saja. (Saya ukuran kecil²).5.celupkan adonan yang sudah dibentuk itu ke ½ bagian telur. Setelah itu dibaluri dengan tepung roti.6.lanjut letakkan di loyang yang sudah diolesi mentega.7.masukkan ke oven yang sebelumnya oven sudah dipanaskan. Dioven sekitar 30 menit.8.setelah matang bisa disajikan dan dinikmati dengan saos atau sambal sesuai selera..",https://img-global.cpcdn.com/recipes/b12e3fa48e3f95a5/1360x964cq70/tahu-katsu-sehat-gluten-free-dan-no-goreng-foto-resep-utama.webp,1,27.8,55.5,lauk,siang,malam,
kornet ayam,197.8,daging ayam fillet,500 gram,bawang putih,3 siung,bawang bombay,1/4 buah,minyak wijen,1 sdm,lada bubuk,secukupnya,garam,secukupnya,kaldu bubuk,secukupnya,putih telur,1 butir,,,,,,,,,,,,,,,"1.cuci bersih daging ayam terlebih dahulu.masukkan semua bahan dalam food processor atau blender. Haluskan hingga daging ayam betul-betul teksturnya halus.2.tuang ke dalam wadah tahan panas, ratakan dan hentak2 an dengan pelan agar tidak ada udara yang terperangkap.3.masukkan dalam kukusan, yang sudah dipanaskan terlebih dahulu. Kukus hingga ayam bener2 matang sempurna.4.setelah kornet matang, tuang ke dalam piring, potong sesuai selera. Bila mau dimasukkan di frezer tunggu dingin dulu yah.5.kornet ayam bisa dipanggang ataupun digoreng sebelum disajikan.

Kornet ayam sehat ala rumahan siap di santap",https://img-global.cpcdn.com/recipes/5d6ef40b5e863bd0/1360x964cq70/kornet-ayam-sehat-homemade-foto-resep-utama.webp,2,31.9,3.65,lauk,siang,malam,
ayam rebus pek cam ke,380.5,ayam kampung,1 ekor,kecap asin,3 sdm,minyak wijen,1 sdm,daun bawang,secukupnya,bawang putih goreng,secukupnya,,,,,,,,,,,,,,,,,,,,,"1.siapkan bahan sesuai detail resep.2.susun mangkuk di atas piring atau wadah untuk mengukus lalu susun potongan ayam kampung di atasnya.3.kukus ayam hingga matang atau sekitar 15menit tergantung ukuran ayam masing-masing.4.siapkan saus untuk ayam yaitu kecap asin, minyak wijen dan merica.5.angkat ayam setelah matang dan kaldu ayam kampung yg terperangkap dalam mangkuk yg disusun bisa juga dituangkan ke atas ayam atau bisa dikonsumsi terpisah.6.tuangkan racikan saus di atas ayam dan topping dengan daun bawang dan bawang putih goreng.",https://img-global.cpcdn.com/recipes/41afaa97edf2c82b/1360x964cq70/menu-sehat-ayam-rebus-pek-cam-ke-foto-resep-utama.webp,4,62.25,1.15,lauk,siang,malam,
seblak sehat tanpa kerupuk,140,bawang putih,5 siung,kencur,5 biji,cabai merah besar,6 buah,cabai rawit,4 buah,kol,250 gram,wortel,1 buah,penyedap rasa ,secukupnya,garam,secukupnya,telur,1 butir,,,,,,,,,,,,,1.haluskan bawang kencur dan tumis sampai harum.2.haluskan cabe merah Besar dan kecil tumis setelah bawang.3.masukkan kol dan wortel yg sudah diiris tipis24.masukkan air 250 ml.5.masukkan telur kocok beri garam penyedap tunggu sampai matang dan seblak siap dihidangkan,https://img-global.cpcdn.com/recipes/f441c941e9f2f674/1360x964cq70/seblak-sehat-tanpa-kerupuk-diet-foto-resep-utama.webp,2,6.75,20.1,cemilan,siang,malam,
ikan saus mentega,524,tuna,250 gram,saus tiram,2 sdm,saos tomat,1 sdm,kecap inggris,1/2 sdm,kecap manis,1 sdm,margarin,2 sdm,bawang bombay,1/2 siung,bawang putih ,2 siung,daun bawang ,1 batang,,,,,,,,,,,,,"1.panaskan margarine tumis bumbu iris, kecuali daun bawang.masukan ikan yang sudah dipotong dadu, beri sedikit air.2.masukan semua bahan2 saus, beri sedikit garam (apabila masih merasa kurang asin). Test rasa.Apabila ikan sudah matang dan air sudah agak mengental.masukan irisan daun bawang.3.angkat dan siap di hidangkan.",https://img-global.cpcdn.com/recipes/7c509b9275707c0b/1360x964cq70/306-ikan-saus-mentega-healthy-diet-menu-foto-resep-utama.webp,1,56.94,10.25,lauk,siang,,
udang saus padang,423.5,udang,500 gram,jagung manis,1 buah,buncis,250 gram,bawang merah,5 siung,bawang putih,3 siung,bawang bombay,1/2 buah,cabai rawit,secukupnya,saus tomat,secukupnya,jahe,2 ruas,tomat,1 buah,,,,,,,,,,,"1.bersihkan udang.2.sisir jagung manis.3.iris buncis miring.4.siapkan bumbu lain seperti bawang,tomat,dan jahe.5.tumis bumbu dan masukkan udang.6.masukkan saus dan bumbu yang sudah dihaluskan.masukkan buncis dan bumbu (garam,gula,kaldu,merica).",https://img-global.cpcdn.com/recipes/37c51e567c40847f/1360x964cq70/udang-saus-padang-healthy-hot-foto-resep-utama.webp,2,67,19.3,lauk,siang,malam,
tempe balado,382,tempe,1 buah,bawang merah,1 siung,bawang putih,1 siung,cabai rawit,1 buah,daun bawang,secukupnya,minyak kelapa,secukupnya,bumbu balado instan,1 sachet,garam,secukupnya,gula,secukupnya,air,secukupnya,,,,,,,,,,,"1.potong tempe sesuai selera, lalu goreng sebentar sampai kecoklatan dan angkat
2.iris bawang putih, bawang merah, cabai merah,dan daun bawang
3.panaskan sedikit minyak, masukkan bawang merah dan bawang putih,masak sebentar, masukkan cabai dan bumbu balado instan, tambahkan garam,gula dan air secukupna, koreksi rasa
4.masukkan tempe, aduk sampai merata, masukkan daun bawang, dan angkat. 5.
Selamat menikmati",https://img-global.cpcdn.com/recipes/7d4bb2f975f8476a/1360x964cq70/tempe-balado-simple-sehat-anak-kos-foto-resep-utama.webp,1,20.66,22.95,lauk,siang,malam,
gado-gado,393,toge,50 gram,kol,50 gram,timun,1 buah,kacang panjang,3 batang,tahu,2 buah,telur rebus,1 butir,perkedel,1 buah,jeruk nipis,1 buah,bumbu pecel instan,1 sachet,air hangat ,secukupnya,,,,,,,,,,,"1.cuci bersih semua bahan, lalu potong kecil kecil.2.didihkan air, rebus satu persatu:
1. kacang panjang
2. kol 
3. toge 
lalu angkat, tata di piring.
3.Potong kecil timun, letakkan di piring.4.untuk perkedel, telur rebus dan tahu, aku beli di warteg hehe biar lebih hemat waktu dan uang tapi tetap bisa makan sehat dan enak.
5.potong kecil kecil perkedel, tahu, dan telur rebus,dan letakkan dipiring.6.siapkan bumbu pecel/kacang instan, tambah sedikit demi sedikit air hangat, sampai larut, tidak terlalu cair atau kental.7.letakkan di tengah piring atau bisa langsung di campur, lalu beri sedikit perasaan jeruk sambal.",https://img-global.cpcdn.com/recipes/43422ad7f8829bf5/1360x964cq70/gado-gado-simple-sehat-anak-kos-foto-resep-utama.webp,1,27,33.85,pokok,siang,malam,
sushi telur sayur,440,nasi ,600 gram,minyak wijen,2 sdm,rumput laut kering,2 lembar,wortel ,70 gram,mentimun,1/2 buah,buncis,6 buah,telur,1 butir,mayonaise,secukupnya,saus sambal,secukupnya,,,,,,,,,,,,,"1.siapkan nasi,tambahkan minyak wijen lalu aduk rata.2.siapkan bumbu penggulung sushi.Taruh nori/rumput laut kering kemudian ambil 2 centong nasi diratakan di atasnya. tata sayur dan isian lainnya.3.tambahkan mayonaise/mentai kemudian gulung sushi,tekan,rapatkan.4.setelah tergulung, potong sushi sesuai selera, dapat disajikan dengan kecap asin, saus mayo, saus sambal atau saus mentai.",https://img-global.cpcdn.com/recipes/37a33ce62b4bd2ac/1280x1280sq70/photo.webp,3,9.666666667,63.06666667,pokok,siang,malam,
spaghetti aglio olio,253,spaghetti,100 gram,air ,secukupnya,garam,secukupnya,bawang putih,4 siung,tomat ,1 buah,oregano,secukupnya,lada,secukupnya,garam,secukupnya,daun bawang ,1 batang,keju cheddar parut,secukupnya,,,,,,,,,,,"1.didihkan air,tambahkan sedikit minyak goreng dan sejumput garam. Rebus sampai aldente sekitar 8-10 menit.angkat dan tiriskan.2.cincang bawang putih, iris tomat. Tomat bisa di skip ya.panaskan sedikit minyak, lalu tumis bawang putih sampai harum.masukkan spaghetti, tambahkan lada, garam dan oregano kering. Aduk rata dan koreksi rasa.3.jika rasa sudah pas dan bumbu sudah meresap, pisahkan sebagian dan taruh di piring saji.sisa spaghetti di wajan, lanjut di masak dengan tambahan tomat iris. Aduk sebentar dan angkat.",https://img-global.cpcdn.com/recipes/c2c65cb78d321765/1360x964cq70/267-spaghetti-aglio-olio-versi-original-sederhana-dan-sehat-foto-resep-utama.webp,1,11.6,34.6,pokok,siang,malam,
tumis daging paprika,248.6666667,daging slice,250 gram,paprika slice,150 gram,bawang putih,2 siung,bawang bombay,1/2 buah,cabai rawit,3 buah,cabai merah keriting,1 buah,gula merah,secukupnya,garam,secukupnya,kaldu bubuk,secukupnya,lada bubuk ,secukupnya,paprika bubuk,secukupnya,cuka apel,1 sdm,,,,,,,"1.daging slice dimarinasi dengan gula merah, garam, lada, paprika
2.didihkan air, rebus daging tapi jangan sampai asat ya. Sisakan air kaldunya untuk kuah masakan (rasanya enak kuahnya). Sisihkan
3.tumis bawang putih dan bawang bombay dengan olive oil. Masukkan juga cabe dan potongan paprika
4.masukkan daging beserta kuahnya. Tambahkan cuka apel. Koreksi rasa. Kalo kurang boleh ditambahkan garam, lada, kaldu sesuai selera.",https://img-global.cpcdn.com/recipes/bf64bd07f65f7d61/1360x964cq70/resep-sehat-dan-simpel-tumis-daging-paprika-foto-resep-utama.webp,3,22.8,9.333333333,lauk,siang,,
opor tahu tempe,275,tahu,4 buah,tempe,5 potong,bumbu dasar kuning,2 sdm,minyak goreng,2 sdm,garam,1 sdt,kaldu,1 sdt,air,secukupnya,bawang goreng,secukupnya,,,,,,,,,,,,,,,"1.siapkan tempe dan tahu. Potong-potong sesuai selera. Tahu bisa dibelah segitiga dan tempe bisa dibagi 2 supaya ukurannya lebih kecil.2.keluarkan bumbu dasar kuning dari kulkas. Ambil sendok bersih untuk mengambil bumbunya.3.panaskan panci, beri minyak untuk menumis bumbu dasar kuning. Setelah ditumis beberapa saat, tambahkan air biasa atau air kaldu.4.tambahkan garam dan kaldu. Lalu icip, pastikan rasa pas sesuai selera. Bila terlalu asin bisa ditambahkan airnya. Kemudian masak hingga mendidih.5.setelah mendidih, masukkan tempe dan tahu. Lalu masak sebentar. Di akhir, tambahkan taburan bawang goreng.6.opor sehat tahu tempe siap dihidangkan",https://img-global.cpcdn.com/recipes/44d529e0c0a85c7b/1360x964cq70/22-opor-sehat-tahu-tempe-praktis-tanpa-santan-foto-resep-utama.webp,4,20,5.8125,lauk,pagi,malam,
garlic toast,410,roti tawar,6 potong,bawang putih,8 siung,butter unsalted,4 sdm,parsley ,3 sdm,,,,,,,,,,,,,,,,,,,,,,,"1.siapkan toaster bisa juga memakai oven (saya memakai oven) panaskan terlebih dahulu apabila memakai oven selama 5 menit.2.sambil menunggu panas, cincang bawang putih dan campur dengan butter dan parsley.3.letakkan roti yg telah dioles bawah putih parsley dan butter diatas loyang.4.setelah cukup panasnya,masukan kedalam oven dengan suhu 170 ° selama 15 menit.5.siap disajikan",https://img-global.cpcdn.com/recipes/a8f2d127b0931e90/1360x964cq70/garlic-toast-mudah-dan-sehat-foto-resep-utama.webp,2,10,46.71,pokok,siang,malam,
tahu bakso kukus,484.4,dada ayam,400 gram,tepung tapioka,6 sdm,telur,2 butir,daun bawang,3 batang,tahu isi,20 buah,kaldu jamur,1/2 sdm,merica bubuk,1 sdt,garam ,1 sdt,bawang putih,4 siung,,,,,,,,,,,,,"1.cincang ayam dan bawang putih hingga halus.2.campur semua bahan lalu aduk rata.3.belah tahu isi, lalu isi adonan.4.kukus selama 45 menit.5.tahu kukus siap dihidangkan",https://img-global.cpcdn.com/recipes/96e9c9854b8dfeae/1360x964cq70/tahu-bakso-kukus-enak-sehat-gampang-foto-resep-utama.webp,5,47.6,13.07,lauk,siang,malam,
sup tahu udang,225.4,tahu ,10 buah,udang,150 gram,bawang putih,5 siung,jahe,1 ruas,daun bawang,1 batang,minyak goreng,secukupnya,air,1000 ml,garam ,secukupnya,penyedap rasa,secukupnya,gula,secukupnya,lada ,secukupnya,,,,,,,,,"1.panaskan minyak, masukkan bawang putih tumis hingga warna kuning, sisihkan.2.bersihkan udang dari kulitnya, jangan buang kulit dan kepala udang.3.rebus 1000ml air, masukkan udang tunggu hingga mendidih, rebus 10menit, pisahkan kulit dengan air udang hasil rebusan. 4.panaskan minyak, tumis jahe hingga harum, masukkan kaldu udang hasil rebusan tadi, kemudian masukkan tahu, tunggu hingga mendidih. 5.masukkan garam, penyedap rasa, gula, dan lada, korekso rasa, kemudian masukkan udang, tunggu hingga 5menit. 6.angkat, kemudian taburkan bawang putih goreng dan daun bawang, hidangkan",https://img-global.cpcdn.com/recipes/3c13050130d11624/1360x964cq70/sup-tahu-udang-sehat-dan-mudah-foto-resep-utama.webp,4,21.8,3.1225,sayuran,siang,malam,
monday chicken salad,607,daging ayam fillet,300 gram,telur,2 butir,pear,1/2 buah,tomat ceri,200 gram,timun,1 pcs,alpukat,1 buah,lobak merah,3 buah,rucola,1 ikat,selada romaine,4 buah,bawang putih,2 siung,mustard,secukupnya,garam,secukupnya,olive oil,secukupnya,cuka,secukupnya,lada hitam,secukupnya,"1.siapkan bumbu untuk marinasi ayam -campurkan 1SDM mustard, 3sdm olive oil, 1SDT garam, lada, oregano secukupnya) bersihkan ayam terlebih dulu dan masukkan daging ayam kedalam bumbu dan biarkan 5-10menit agar bumbu lebih meresap) Dibagian ini aku potong daging ayam kecil2 ya agar lebih mudah termarinasi. 2.setelah itu siapkan wajan untuk menggoreng, tidak perlu menambah minyak, cukup masukkan semua bumbu untuk me marinasi ayam untuk menggoreng ayam, jangan lupa untuk membalik ayam agar matang merata, dan tunggu hingga bumbunya terserap habis dan menyisakan minyaknya. 3.didihkan air untuk merebus telur, setelah air mendidih masukkan telur dan tunggu 7-8menit, setelah itu langsung kupas telur dan potong menjadi 6-8 bagian (sesuai selera). 4.potong kecil atau sesuai selera :
Timun, Selada, rucola, tomat, radish, alpukat, buah pear, dan susun di piring, dan bisa ditambahkan dengan potongan telur yang sudah di rebus tadi.Nah se lanjutkan kita akan siapkan untuk salad dressing nya,
Bahan nya :
Vinegar 4-6 sdm,
1,25 sdm mustard
1/2sdt garam
Lada hitam secukupnya
2pcs bawang yang sudah di cincang halus
Minyak sisa penggorengan ayam(NB : jika hanya tersisa sedikit bisa ditambah 1-2sdm lagi). 6.next, Siram salad dengan dressing dan terakhir letakan ayam dibagian atas.
Monday Chicken Salad is Ready, its healthy And easy!",https://img-global.cpcdn.com/recipes/fe3fbd75e125100c/1360x964cq70/monday-chicken-salad-easy-yummy-and-healthy-foto-resep-utama.webp,2,57,30.805,sayuran,siang,,
tim udang kukus,210.95,udang,250 gram,cabai rawit,3 buah,daun bawang,2 batang,bawang putih,1 buah,minyak kelapa,secukupnya,gula ,1 sdm,garam,secukupnya,,,,,,,,,,,,,,,,,"1.rendam udang pakai probiotik bila udang tambak saya pakai udang vaname. 2.kupas buang kulit kaki dan ekor. 3.tata dalam wadah stainless atau kaca. 4.beri gula dan salat. 5.tusuk bwang putih pakai pisau bakar di atas kompor. kupas cincang taburi diatas udang. 6.beri potongan daun bawang dan cabai. kukus 10 menit, sajikan",https://img-global.cpcdn.com/recipes/ea1498e3046fa170/1360x964cq70/tim-udang-kukus-anti-kolesterol-resep-sehat-praktis-menu-kilat-10-menit-foto-resep-utama.webp,2,30.43,6.86,lauk,pagi,siang,malam
brokoli kentang omelet,360,air,300 ml,kentang,1 buah,bawang bombay,1/2 buah,minyak zaitun,1 sdm,daun oregano,secukupnya,telur,1 butir,brokoli,1 buah,,,,,,,,,,,,,,,,,"1.potong bonggol brokoli (jgn dibuang bs utk membuat bakwan). Lalu potong per kuntum, cuci bersih, saring, taburi garam. Biarkan sebentar, lalu bilas. Rebus di air mendidih ± 5 menit, lalu angkat dan lgsg rendam dlm air dingin/es. Agar tetap cantik warna hijaunya. Tiriskan.2.cuci bersih kentang dg kulitnya, hilangkan tanah2 yg menempel dikulitnya. Lalu potong2, rebus hingga sedikit empuk (tetapi jangan terlalu lembek) kurang lebih 10 - 12 menit, tutup panci. Sambil membuat telur orak arik. 3.setelah kentang matang, tiriskan. Panaskan diatas teflon tanpa minyak dengan api kecil untuk mendapatkan tekstur krunchy di luar dan lembut didalam. Setelah agak kecokelatan, masukkan bawang Bombay. Beri garam, lada, kaldu jamur, oregano dan minyak zaitun secukupnya. Aduk aduk hingga merata hingga bawang bombay sedikit layu dan kentang berwarna keemasan.4.hidangkan dengan omelete telur dan sayuran brokoli rebus nya",https://img-global.cpcdn.com/recipes/c7e2368fee71a409/1360x964cq70/brokoli-kentang-omelet-easy-healthy-yummy-breakfast-idea-foto-resep-utama.webp,1,12,44.27,pokok,pagi,siang,malam
kwetiau saus bolognese,667,bawang bombay,20 gram,saus bolognese,1/2 bungkus,daun bawang,1 batang,kwetiau,3 keping,gula ,1 sdm,garam ,1 sdt,bakso ikan,5 butir,sosis,1 buah,sayur caisim,,,,,,,,,,,,,,"1.tumis bawang bombay sampai harum,
Masukkan saus bolognese.
Tambahkan gula, garam/ kaldu jamur sesuai selera. 2.masukkan bakso, sosis, sayur, daun bawang.
Bole tambahkan sedikit air,tata diatas kwetiau, bole tambahkan keju / parsley.",https://img-global.cpcdn.com/recipes/b5fba4781e78aaf7/1360x964cq70/menu-anak-sehat-kwetiau-saus-bolognese-simple-foto-resep-utama.webp,1,18,91,pokok,pagi,siang,malam
ayam bumbu kelapa,,,,,,,,,,,,,,,,,,,,,,,,,,,,,,,,,,,,,,pagi,siang,malam